contact_id,name,first_name,last_name,entreprise_id
1,Contact 1,John,Doe,1
2,Contact 2,Mary,Smith,2
3,Contact 3,James,Brown,3
4,Contact 4,Linda,Johnson,4
5,Contact 5,Robert,Jones,5
6,Contact 6,Patricia,Garcia,6
7,Contact 7,Michael,Rodriguez,7
8,Contact 8,Barbara,Martinez,1
9,Contact 9,Elizabeth,Gonzalez,2
10,Contact 10,William,Wilson,3
11,Contact 11,Jennifer,Anderson,4
12,Contact 12,Richard,Taylor,5
13,Contact 13,Angela,Thomas,6
14,Contact 14,Charles,Jackson,7
15,Contact 15,Susan,White,1
16,Contact 16,Joseph,Harris,2
17,Contact 17,Margaret,Martin,3
18,Contact 18,Thomas,Young,4
19,Contact 19,Nancy,Lewis,5
20,Contact 20,Christopher,Lee,6
21,Contact 21,Lisa,Walker,7
22,Contact 22,Paul,Hall,1
23,Contact 23,Sharon,Allen,2
24,Contact 24,Kenneth,King,3
25,Contact 25,Karen,Green,4
26,Contact 26,Steven,Adams,5
27,Contact 27,Nicole,Turner,6
28,Contact 28,Andrew,Torres,7
29,Contact 29,Donna,Perez,1
30,Contact 30,Michelle,Roberts,2
31,Contact 31,Mark,Nelson,3
32,Contact 32,Betty,Moore,4
33,Contact 33,Larry,Miller,5
34,Contact 34,Daniel,Gomez,6
35,Contact 35,Rebecca,Collins,7
36,Contact 36,Anthony,Clark,1
37,Contact 37,Carolyn,Wright,2
38,Contact 38,Ronald,Scott,3
39,Contact 39,Ruth,Campbell,4
40,Contact 40,Kimberly,Evans,5
41,Contact 41,Douglas,Carter,6
42,Contact 42,Sarah,Murphy,7
43,Contact 43,Brian,Cooper,1
44,Contact 44,Natalie,Mitchell,2
45,Contact 45,Jonathan,Baker,3
46,Contact 46,Christine,Kelly,4
47,Contact 47,Brandon,Rivera,5
48,Contact 48,Stephanie,Ward,6
49,Contact 49,Emily,Simmons,7
50,Contact 50,Gary,Price,1